sampleID	condition	type	R1	R2
WT_A_1	WT	mESC	data/HTVM5BBXX_103353-001-015_CGTACTAG-GCGGATGT_L005_R1.fastq.gz	data/HTVM5BBXX_103353-001-015_CGTACTAG-GCGGATGT_L005_R2.fastq.gz
WT_A_2	WT	mESC	data/HTVM5BBXX_103353-001-016_AGGCAGAA-GCGGATGT_L005_R1.fastq.gz	data/HTVM5BBXX_103353-001-016_AGGCAGAA-GCGGATGT_L005_R2.fastq.gz
WT_B_1	WT	mESC	data/HVLN7BBXX_103353-001-015_CGTACTAG-GCGGATGT_L003_R1.fastq.gz	data/HVLN7BBXX_103353-001-015_CGTACTAG-GCGGATGT_L003_R2.fastq.gz
WT_B_3	WT	mESC	data/HVLN7BBXX_103353-001-016_AGGCAGAA-GCGGATGT_L003_R1.fastq.gz	data/HVLN7BBXX_103353-001-016_AGGCAGAA-GCGGATGT_L003_R2.fastq.gz
WT_C_1	WT	mESC	data/HVLV3BBXX_103353-001-015_CGTACTAG-GCGGATGT_L007_R1.fastq.gz	data/HVLV3BBXX_103353-001-015_CGTACTAG-GCGGATGT_L007_R2.fastq.gz
WT_C_3	WT	mESC	data/HVLV3BBXX_103353-001-016_AGGCAGAA-GCGGATGT_L007_R1.fastq.gz	data/HVLV3BBXX_103353-001-016_AGGCAGAA-GCGGATGT_L007_R2.fastq.gz
Morc3_A_1	Morc3	mESC	data/HTVM5BBXX_103353-001-017_TAAGGCGA-ATCTCTGT_L005_R1.fastq.gz	data/HTVM5BBXX_103353-001-017_TAAGGCGA-ATCTCTGT_L005_R2.fastq.gz
Morc3_B_1	Morc3	mESC	data/HVLN7BBXX_103353-001-017_TAAGGCGA-ATCTCTGT_L003_R1.fastq.gz	data/HVLN7BBXX_103353-001-017_TAAGGCGA-ATCTCTGT_L003_R2.fastq.gz
Morc3_B_2	Morc3	mESC	data/HVLN7BBXX_103353-001-018_CGTACTAG-ATCTCTGT_L003_R1.fastq.gz	data/HVLN7BBXX_103353-001-018_CGTACTAG-ATCTCTGT_L003_R2.fastq.gz
Morc3_B_1	Morc3	mESC	data/HVLV3BBXX_103353-001-017_TAAGGCGA-ATCTCTGT_L007_R1.fastq.gz	data/HVLV3BBXX_103353-001-017_TAAGGCGA-ATCTCTGT_L007_R2.fastq.gz
Morc3_B_2	Morc3	mESC	data/HVLV3BBXX_103353-001-018_CGTACTAG-ATCTCTGT_L007_R1.fastq.gz	data/HVLV3BBXX_103353-001-018_CGTACTAG-ATCTCTGT_L007_R2.fastq.gz

